{
  "name": "Hive Beeblade",
  "type": "UDP",
  "path": "Software",

  "version": "1.0.0",
  "description": "A module for controlling Hive Beeblade, Beebox or Nexus media engines",
  "url": "https://github.com/noodles4694/Hive-Chataigne-Module",
  "downloadURL": "https://github.com/tommag/Sample-Chataigne-module/archive/master.zip",

  "hasInput": true,
  "hasOutput": true,

  "hideDefaultCommands": false,

  "defaults": {
    "autoAdd": false,
    "protocol": "Direct",
    "Input": {
      "localPort": 8083
    },
    "Output": {
      "local": false,
      "remotePort": 8083,
      "remoteHost": "192.168.1.30"
    }
  },

  "parameters": {
    "Device IP": {
      "type": "String"
    },
    "Auto Update Layers": {
      "type": "Boolean",
      "default": false
    },
    "Auto Update Modules": {
      "type": "Boolean",
      "default": false
    },
    "Auto Update Effects": {
      "type": "Boolean",
      "default": false
    },
    "Update Rate Hz": {
      "type": "Integer",
      "min": 1,
      "max": 25,
      "default": 1
    }
  },

  "hideDefaultParameters": [
    "autoAdd",
    "protocol",
    "Input",
    "Output",
    "messageStructure",
    "customSeparator",
    "multicastMode",
    "firstValueIsTheName"
  ],

  "scripts": ["beebladeScript.js"],

  "values": {
    "Layer Parameters": {
      "type": "Container",
      "collapsed": true,
      "Layer 1": {
        "type": "Container",
        "collapsed": true,

        "L1 Intensity": {
          "type": "Float",
          "min": 0,
          "max": 100,
          "default": 100
        },
        "L1 Folder": {
          "type": "Integer",
          "min": 0,
          "max": 9999,
          "default": 0
        },
        "L1 File": {
          "type": "Integer",
          "min": 0,
          "max": 9999,
          "default": 0
        },
        "L1 InFrame": {
          "type": "Integer",
          "min": 0,
          "max": 9999999,
          "default": 0
        },
        "L1 OutFrame": {
          "type": "Integer",
          "min": 0,
          "max": 9999999,
          "default": 9999999
        },
        "L1 Playmode": {
          "type": "Enum",
          "options": {
            "In Frame": 0,
            "Out Frame": 1,
            "Loop Forwards": 2,
            "Loop Backwards": 3,
            "Play Once Forwards": 4,
            "Play Once Backwards": 5,
            "Stop": 6,
            "Pause": 7,
            "Bounce": 8,
            "Take Over Frame": 9,
            "Loop Forward, Pause I=0": 10,
            "Loop Backwards, Pause I=0": 11,
            "Play Once Forward, Pause I=0": 12,
            "Play Once Backwards, Pause I=0": 13,
            "Bounce, Pause I=0": 15,
            "Timecode Sync": 20,
            "Loop Forward, Re-Trigger I>0": 40,
            "Loop Backwards, Re-Trigger I>0": 41,
            "Play Once Forward, Re-Trigger I>0": 42,
            "Play Once Backwards, Re-Trigger I>0": 43,
            "Bounce, Re-Trigger I>0": 45
          },
          "default": 2
        },
        "L1 Framingmode": {
          "type": "Enum",
          "options": {
            "Letterbox": 0,
            "Crop": 1,
            "Stretch": 2,
            "Multi Letterbox": 3,
            "Centred": 4
          },
          "default": 0
        },
        "L1 Blendmode": {
          "type": "Enum",
          "options": {
            "Alpha": 0,
            "Additive": 1,
            "Multiply": 2,
            "Difference": 3,
            "Screen": 4,
            "Preserve Luma": 5,
            "Rectangle Wipe": 6,
            "Triangle Wipe": 7
          },
          "default": 0
        },
        "L1 LUT": {
          "type": "Integer",
          "min": 0,
          "max": 100,
          "default": 0
        },
        "L1 Playspeed": {
          "type": "Float",
          "min": 0,
          "max": 1000,
          "default": 100
        },
        "L1 Movementspeed": {
          "type": "Float",
          "min": 0,
          "max": 100,
          "default": 0
        },
        "L1 TC Hour": {
          "type": "Integer",
          "min": 0,
          "max": 23,
          "default": 0
        },
        "L1 TC Minute": {
          "type": "Integer",
          "min": 0,
          "max": 59,
          "default": 0
        },
        "L1 TC Second": {
          "type": "Integer",
          "min": 0,
          "max": 59,
          "default": 0
        },
        "L1 TC Frame": {
          "type": "Integer",
          "min": 0,
          "max": 29,
          "default": 0
        },
        "L1 Scale": {
          "type": "Float",
          "min": 0,
          "max": 1000,
          "default": 100
        },
        "L1 Aspect": {
          "type": "Float",
          "min": 0,
          "max": 100,
          "default": 0
        },
        "L1 Position": {
          "type": "Point2D",
          "min": [-100, -100],
          "max": [100, 100],
          "default": [0, 0]
        },
        "L1 Rotation": {
          "type": "Point3D",
          "min": [-1440, -1440, -1440],
          "max": [1440, 1440, 1440],
          "default": [0, 0, 0]
        },
        "L1 RGB": {
          "type": "Point3D",
          "min": [-100, -100, -100],
          "max": [100, 100, 100],
          "default": [0, 0, 0]
        },
        "L1 Hue": {
          "type": "Float",
          "min": 0,
          "max": 100,
          "default": 0
        },
        "L1 Saturation": {
          "type": "Float",
          "min": -100,
          "max": 100,
          "default": 0
        },
        "L1 Contrast": {
          "type": "Float",
          "min": -100,
          "max": 100,
          "default": 0
        },
        "L1 Strobe": {
          "type": "Float",
          "min": 0,
          "max": 100,
          "default": 0
        },
        "L1 Volume": {
          "type": "Float",
          "min": 0,
          "max": 100,
          "default": 100
        },
        "L1 Frameblending": {
          "type": "Boolean",
          "default": true
        },
        "L1 Transition Duration": {
          "type": "Integer",
          "min": 0,
          "max": 65535,
          "default": 0
        },
        "L1 Transitionmode": {
          "type": "Enum",
          "options": {
            "Alpha": 0,
            "Additive": 1,
            "Multiply": 2,
            "Difference": 3,
            "Screen": 4,
            "Preserve luma": 5,
            "Rectangle Wipe": 6,
            "Triangle Wipe": 7,
            "Minimum": 8,
            "Maximum": 9,
            "Subtract": 10,
            "Darken": 11,
            "Lighten": 12,
            "Soft Lighten": 13,
            "Dark Lighten": 14,
            "Exclusion": 15,
            "Random": 16,
            "Ripple": 17,
            "Threshold": 18,
            "Sine": 19,
            "Invert Mask": 20,
            "Noise": 21,
            "Swirl": 22,
            "Gradient": 23,
            "Pixel Sort": 24,
            "Checkerboard": 25,
            "Pulse": 26,
            "Hue Shift": 27,
            "Fractal": 28,
            "Waveform": 29,
            "RGB Split": 30,
            "Glitch": 31
          },
          "default": 2
        }
      },
      "Layer 2": {
        "type": "Container",
        "collapsed": true,
        "L2 Intensity": {
          "type": "Float",
          "min": 0,
          "max": 100,
          "default": 100
        },
        "L2 Folder": {
          "type": "Integer",
          "min": 0,
          "max": 9999,
          "default": 0
        },
        "L2 File": {
          "type": "Integer",
          "min": 0,
          "max": 9999,
          "default": 0
        },
        "L2 InFrame": {
          "type": "Integer",
          "min": 0,
          "max": 9999999,
          "default": 0
        },
        "L2 OutFrame": {
          "type": "Integer",
          "min": 0,
          "max": 9999999,
          "default": 9999999
        },
        "L2 Playmode": {
          "type": "Enum",
          "options": {
            "In Frame": 0,
            "Out Frame": 1,
            "Loop Forwards": 2,
            "Loop Backwards": 3,
            "Play Once Forwards": 4,
            "Play Once Backwards": 5,
            "Stop": 6,
            "Pause": 7,
            "Bounce": 8,
            "Take Over Frame": 9,
            "Loop Forward, Pause I=0": 10,
            "Loop Backwards, Pause I=0": 11,
            "Play Once Forward, Pause I=0": 12,
            "Play Once Backwards, Pause I=0": 13,
            "Bounce, Pause I=0": 15,
            "Timecode Sync": 20,
            "Loop Forward, Re-Trigger I>0": 40,
            "Loop Backwards, Re-Trigger I>0": 41,
            "Play Once Forward, Re-Trigger I>0": 42,
            "Play Once Backwards, Re-Trigger I>0": 43,
            "Bounce, Re-Trigger I>0": 45
          },
          "default": 2
        },
        "L2 Framingmode": {
          "type": "Enum",
          "options": {
            "Letterbox": 0,
            "Crop": 1,
            "Stretch": 2,
            "Multi Letterbox": 3,
            "Centred": 4
          },
          "default": 0
        },
        "L2 Blendmode": {
          "type": "Enum",
          "options": {
            "Alpha": 0,
            "Additive": 1,
            "Multiply": 2,
            "Difference": 3,
            "Screen": 4,
            "Preserve Luma": 5,
            "Rectangle Wipe": 6,
            "Triangle Wipe": 7
          },
          "default": 0
        },
        "L2 LUT": {
          "type": "Integer",
          "min": 0,
          "max": 100,
          "default": 0
        },
        "L2 Playspeed": {
          "type": "Float",
          "min": 0,
          "max": 1000,
          "default": 100
        },
        "L2 Movementspeed": {
          "type": "Float",
          "min": 0,
          "max": 100,
          "default": 0
        },
        "L2 TC Hour": {
          "type": "Integer",
          "min": 0,
          "max": 23,
          "default": 0
        },
        "L2 TC Minute": {
          "type": "Integer",
          "min": 0,
          "max": 59,
          "default": 0
        },
        "L2 TC Second": {
          "type": "Integer",
          "min": 0,
          "max": 59,
          "default": 0
        },
        "L2 TC Frame": {
          "type": "Integer",
          "min": 0,
          "max": 29,
          "default": 0
        },
        "L2 Scale": {
          "type": "Float",
          "min": 0,
          "max": 1000,
          "default": 100
        },
        "L2 Aspect": {
          "type": "Float",
          "min": 0,
          "max": 100,
          "default": 0
        },
        "L2 Position": {
          "type": "Point2D",
          "min": [-100, -100],
          "max": [100, 100],
          "default": [0, 0]
        },
        "L2 Rotation": {
          "type": "Point3D",
          "min": [-1440, -1440, -1440],
          "max": [1440, 1440, 1440],
          "default": [0, 0, 0]
        },
        "L2 RGB": {
          "type": "Point3D",
          "min": [-100, -100, -100],
          "max": [100, 100, 100],
          "default": [0, 0, 0]
        },
        "L2 Hue": {
          "type": "Float",
          "min": 0,
          "max": 100,
          "default": 0
        },
        "L2 Saturation": {
          "type": "Float",
          "min": -100,
          "max": 100,
          "default": 0
        },
        "L2 Contrast": {
          "type": "Float",
          "min": -100,
          "max": 100,
          "default": 0
        },
        "L2 Strobe": {
          "type": "Float",
          "min": 0,
          "max": 100,
          "default": 0
        },
        "L2 Volume": {
          "type": "Float",
          "min": 0,
          "max": 100,
          "default": 100
        },
        "L2 Frameblending": {
          "type": "Boolean",
          "default": true
        },
        "L2 Transition Duration": {
          "type": "Integer",
          "min": 0,
          "max": 65535,
          "default": 0
        },
        "L2 Transitionmode": {
          "type": "Enum",
          "options": {
            "Alpha": 0,
            "Additive": 1,
            "Multiply": 2,
            "Difference": 3,
            "Screen": 4,
            "Preserve luma": 5,
            "Rectangle Wipe": 6,
            "Triangle Wipe": 7,
            "Minimum": 8,
            "Maximum": 9,
            "Subtract": 10,
            "Darken": 11,
            "Lighten": 12,
            "Soft Lighten": 13,
            "Dark Lighten": 14,
            "Exclusion": 15,
            "Random": 16,
            "Ripple": 17,
            "Threshold": 18,
            "Sine": 19,
            "Invert Mask": 20,
            "Noise": 21,
            "Swirl": 22,
            "Gradient": 23,
            "Pixel Sort": 24,
            "Checkerboard": 25,
            "Pulse": 26,
            "Hue Shift": 27,
            "Fractal": 28,
            "Waveform": 29,
            "RGB Split": 30,
            "Glitch": 31
          },
          "default": 2
        }
      }
    },
    "Effects": {
      "type": "Container",
      "collapsed": true,
      "Layer 1": {
        "type": "Container",
        "collapsed": true,
        "Effect 1": {
          "type": "Container",
          "collapsed": true,
          "Effect": {
            "type": "Enum",
            "options": {},
            "default": 2
          },
          "Opacity": {
            "type": "Float",
            "min": 0,
            "max": 100,
            "default": 0
          },
          "Parameter 1": {
            "type": "Float",
            "min": 0,
            "max": 100,
            "default": 0
          },
          "Parameter 2": {
            "type": "Float",
            "min": 0,
            "max": 100,
            "default": 0
          },
          "Parameter 3": {
            "type": "Float",
            "min": 0,
            "max": 100,
            "default": 0
          },
          "Parameter 4": {
            "type": "Float",
            "min": 0,
            "max": 100,
            "default": 0
          },
          "Parameter 5": {
            "type": "Float",
            "min": 0,
            "max": 100,
            "default": 0
          },
          "Parameter 6": {
            "type": "Float",
            "min": 0,
            "max": 100,
            "default": 0
          },
          "Parameter 7": {
            "type": "Float",
            "min": 0,
            "max": 100,
            "default": 0
          },
          "Parameter 8": {
            "type": "Float",
            "min": 0,
            "max": 100,
            "default": 0
          },
          "Parameter 9": {
            "type": "Float",
            "min": 0,
            "max": 100,
            "default": 0
          },
          "Parameter 10": {
            "type": "Float",
            "min": 0,
            "max": 100,
            "default": 0
          },
          "Parameter 11": {
            "type": "Float",
            "min": 0,
            "max": 100,
            "default": 0
          },
          "Parameter 12": {
            "type": "Float",
            "min": 0,
            "max": 100,
            "default": 0
          },
          "Parameter 13": {
            "type": "Float",
            "min": 0,
            "max": 100,
            "default": 0
          },
          "Parameter 14": {
            "type": "Float",
            "min": 0,
            "max": 100,
            "default": 0
          },
          "Parameter 15": {
            "type": "Float",
            "min": 0,
            "max": 100,
            "default": 0
          },
          "Parameter 16": {
            "type": "Float",
            "min": 0,
            "max": 100,
            "default": 0
          }
        },
        "Effect 2": {
          "type": "Container",
          "collapsed": true,
          "Effect": {
            "type": "Enum",
            "options": {},
            "default": 2
          },
          "Opacity": {
            "type": "Float",
            "min": 0,
            "max": 100,
            "default": 0
          },
          "Parameter 1": {
            "type": "Float",
            "min": 0,
            "max": 100,
            "default": 0
          },
          "Parameter 2": {
            "type": "Float",
            "min": 0,
            "max": 100,
            "default": 0
          },
          "Parameter 3": {
            "type": "Float",
            "min": 0,
            "max": 100,
            "default": 0
          },
          "Parameter 4": {
            "type": "Float",
            "min": 0,
            "max": 100,
            "default": 0
          },
          "Parameter 5": {
            "type": "Float",
            "min": 0,
            "max": 100,
            "default": 0
          },
          "Parameter 6": {
            "type": "Float",
            "min": 0,
            "max": 100,
            "default": 0
          },
          "Parameter 7": {
            "type": "Float",
            "min": 0,
            "max": 100,
            "default": 0
          },
          "Parameter 8": {
            "type": "Float",
            "min": 0,
            "max": 100,
            "default": 0
          },
          "Parameter 9": {
            "type": "Float",
            "min": 0,
            "max": 100,
            "default": 0
          },
          "Parameter 10": {
            "type": "Float",
            "min": 0,
            "max": 100,
            "default": 0
          },
          "Parameter 11": {
            "type": "Float",
            "min": 0,
            "max": 100,
            "default": 0
          },
          "Parameter 12": {
            "type": "Float",
            "min": 0,
            "max": 100,
            "default": 0
          },
          "Parameter 13": {
            "type": "Float",
            "min": 0,
            "max": 100,
            "default": 0
          },
          "Parameter 14": {
            "type": "Float",
            "min": 0,
            "max": 100,
            "default": 0
          },
          "Parameter 15": {
            "type": "Float",
            "min": 0,
            "max": 100,
            "default": 0
          },
          "Parameter 16": {
            "type": "Float",
            "min": 0,
            "max": 100,
            "default": 0
          }
        }
      },
      "Layer 2": {
        "type": "Container",
        "collapsed": true,
        "Effect 1": {
          "type": "Container",
          "collapsed": true,
          "Effect": {
            "type": "Enum",
            "options": {},
            "default": 2
          },
          "Opacity": {
            "type": "Float",
            "min": 0,
            "max": 100,
            "default": 0
          },
          "Parameter 1": {
            "type": "Float",
            "min": 0,
            "max": 100,
            "default": 0
          },
          "Parameter 2": {
            "type": "Float",
            "min": 0,
            "max": 100,
            "default": 0
          },
          "Parameter 3": {
            "type": "Float",
            "min": 0,
            "max": 100,
            "default": 0
          },
          "Parameter 4": {
            "type": "Float",
            "min": 0,
            "max": 100,
            "default": 0
          },
          "Parameter 5": {
            "type": "Float",
            "min": 0,
            "max": 100,
            "default": 0
          },
          "Parameter 6": {
            "type": "Float",
            "min": 0,
            "max": 100,
            "default": 0
          },
          "Parameter 7": {
            "type": "Float",
            "min": 0,
            "max": 100,
            "default": 0
          },
          "Parameter 8": {
            "type": "Float",
            "min": 0,
            "max": 100,
            "default": 0
          },
          "Parameter 9": {
            "type": "Float",
            "min": 0,
            "max": 100,
            "default": 0
          },
          "Parameter 10": {
            "type": "Float",
            "min": 0,
            "max": 100,
            "default": 0
          },
          "Parameter 11": {
            "type": "Float",
            "min": 0,
            "max": 100,
            "default": 0
          },
          "Parameter 12": {
            "type": "Float",
            "min": 0,
            "max": 100,
            "default": 0
          },
          "Parameter 13": {
            "type": "Float",
            "min": 0,
            "max": 100,
            "default": 0
          },
          "Parameter 14": {
            "type": "Float",
            "min": 0,
            "max": 100,
            "default": 0
          },
          "Parameter 15": {
            "type": "Float",
            "min": 0,
            "max": 100,
            "default": 0
          },
          "Parameter 16": {
            "type": "Float",
            "min": 0,
            "max": 100,
            "default": 0
          }
        },
        "Effect 2": {
          "type": "Container",
          "collapsed": true,
          "Effect": {
            "type": "Enum",
            "options": {},
            "default": 2
          },
          "Opacity": {
            "type": "Float",
            "min": 0,
            "max": 100,
            "default": 0
          },
          "Parameter 1": {
            "type": "Float",
            "min": 0,
            "max": 100,
            "default": 0
          },
          "Parameter 2": {
            "type": "Float",
            "min": 0,
            "max": 100,
            "default": 0
          },
          "Parameter 3": {
            "type": "Float",
            "min": 0,
            "max": 100,
            "default": 0
          },
          "Parameter 4": {
            "type": "Float",
            "min": 0,
            "max": 100,
            "default": 0
          },
          "Parameter 5": {
            "type": "Float",
            "min": 0,
            "max": 100,
            "default": 0
          },
          "Parameter 6": {
            "type": "Float",
            "min": 0,
            "max": 100,
            "default": 0
          },
          "Parameter 7": {
            "type": "Float",
            "min": 0,
            "max": 100,
            "default": 0
          },
          "Parameter 8": {
            "type": "Float",
            "min": 0,
            "max": 100,
            "default": 0
          },
          "Parameter 9": {
            "type": "Float",
            "min": 0,
            "max": 100,
            "default": 0
          },
          "Parameter 10": {
            "type": "Float",
            "min": 0,
            "max": 100,
            "default": 0
          },
          "Parameter 11": {
            "type": "Float",
            "min": 0,
            "max": 100,
            "default": 0
          },
          "Parameter 12": {
            "type": "Float",
            "min": 0,
            "max": 100,
            "default": 0
          },
          "Parameter 13": {
            "type": "Float",
            "min": 0,
            "max": 100,
            "default": 0
          },
          "Parameter 14": {
            "type": "Float",
            "min": 0,
            "max": 100,
            "default": 0
          },
          "Parameter 15": {
            "type": "Float",
            "min": 0,
            "max": 100,
            "default": 0
          },
          "Parameter 16": {
            "type": "Float",
            "min": 0,
            "max": 100,
            "default": 0
          }
        }
      }
    },
    "Modules": {
      "type": "Container",
      "collapsed": true,
      "Playlist": {
        "type": "Container",
        "collapsed": true,
        "Enabled": {
          "type": "Boolean",
          "default": false
        },
        "Send To Workers": {
          "type": "Boolean",
          "default": true
        },
        "Target Layer": {
          "type": "Enum",
          "options": {
            "Layer 1": 0,
            "Layer 2": 1
          },
          "default": 1
        },
        "Transition Time": {
          "type": "Enum",
          "options": {
            "None": 0,
            "0.5 Seconds": 0.5,
            "1 Second": 1,
            "1.5 Seconds": 1.5,
            "2 Seconds": 2,
            "2.5 Seconds": 2.5,
            "3 Seconds": 3,
            "3.5 Seconds": 3.5,
            "4 Seconds": 4,
            "4.5 Seconds": 4.5,
            "5 Seconds": 5,
            "5.5 Seconds": 5.5,
            "6 Seconds": 6,
            "6.5 Seconds": 6.5,
            "7 Seconds": 7,
            "7.5 Seconds": 7.5,
            "8 Seconds": 8,
            "8.5 Seconds": 8.5,
            "9 Seconds": 9,
            "9.5 Seconds": 9.5,
            "10 Seconds": 10,
            "10.5 Seconds": 10.5,
            "11 Seconds": 11,
            "11.5 Seconds": 11.5,
            "12 Seconds": 12,
            "12.5 Seconds": 12.5,
            "13 Seconds": 13,
            "13.5 Seconds": 13.5,
            "14 Seconds": 14,
            "14.5 Seconds": 14.5,
            "15 Seconds": 15,
            "15.5 Seconds": 15.5,
            "16 Seconds": 16,
            "16.5 Seconds": 16.5,
            "17 Seconds": 17,
            "17.5 Seconds": 17.5,
            "18 Seconds": 18,
            "18.5 Seconds": 18.5,
            "19 Seconds": 19,
            "19.5 Seconds": 19.5,
            "20 Seconds": 20,
            "20.5 Seconds": 20.5,
            "21 Seconds": 21,
            "21.5 Seconds": 21.5,
            "22 Seconds": 22,
            "22.5 Seconds": 22.5,
            "23 Seconds": 23,
            "23.5 Seconds": 23.5,
            "24 Seconds": 24,
            "24.5 Seconds": 24.5,
            "25 Seconds": 25,
            "25.5 Seconds": 25.5,
            "26 Seconds": 26,
            "26.5 Seconds": 26.5,
            "27 Seconds": 27,
            "27.5 Seconds": 27.5,
            "28 Seconds": 28,
            "28.5 Seconds": 28.5,
            "29 Seconds": 29,
            "29.5 Seconds": 29.5,
            "30 Seconds": 30
          },
          "default": 1
        }
      },
      "Timecode Cue List": {
        "type": "Container",
        "collapsed": true,
        "Layer 1 Enabled": {
          "type": "Boolean",
          "default": false
        },
        "Layer 2 Enabled": {
          "type": "Boolean",
          "default": false
        },
        "Send To Workers": {
          "type": "Boolean",
          "default": true
        },
        "Timecode Clock": {
          "type": "Enum",
          "options": {
            "USB MTC": 0,
            "Internal": 1,
            "Artnet TC": 2,
            "LTC on XLR": 3
          },
          "default": 2
        },
        "Timecode Offsets": {
          "type": "Enum",
          "options": {
            "Cuelist": 0,
            "Layer": 1
          },
          "default": 0
        },
        "Ignore Audio": {
          "type": "Boolean",
          "default": false
        },
        "Global Frame Adjustment": {
          "type": "Integer",
          "min": -30,
          "max": 30,
          "default": 0
        },
        "TC Range Filter": {
          "type": "Boolean",
          "default": false
        },
        "Source IP": {
          "type": "String",
          "default": "AUTO"
        },
        "Glitch Protection": {
          "type": "Boolean",
          "default": false
        }
      },
      "Timeline": {
        "type": "Container",
        "collapsed": true,
        "Enabled": {
          "type": "Boolean",
          "default": false
        },
        "Title": {
          "type": "String",
          "default": "My Timeline"
        },
        "Playmode": {
          "type": "Enum",
          "options": {
            "Stop": "STOP",
            "Play": "PLAY",
            "Pause": "PAUSE",
            "Rewind": "REWIND",
            "Fast Forward": "FORWARD"
          },
          "default": "PLAY"
        },
        "Duration": {
          "type": "Integer",
          "min": 1,
          "max": 999999999,
          "default": 60,
          "ui": "time"
        },
        "Framerate": {
          "type": "Integer",
          "min": 1,
          "max": 60,
          "default": 30
        },
        "Resolution X": {
          "type": "Integer",
          "min": 1,
          "max": 16565,
          "default": 1920
        },
        "Resolution Y": {
          "type": "Integer",
          "min": 1,
          "max": 16565,
          "default": 1080
        },
        "Send To Workers": {
          "type": "Boolean",
          "default": true
        }
      },
      "Scheduler": {
        "type": "Container",
        "collapsed": true,
        "Enabled": {
          "type": "Boolean",
          "default": false
        },
        "Send To Workers": {
          "type": "Boolean",
          "default": true
        }
      }
    }
  },

  "commands": {
    "Update Layer Values": {
      "menu": "Update",
      "callback": "refreshLayerValues"
    },
    "Update Effect Values": {
      "menu": "Update",
      "callback": "refreshEffectValues"
    },
    "Update Module Values": {
      "menu": "Update",
      "callback": "refreshModuleValues"
    },
    "Row X": {
      "menu": "Playlist",
      "callback": "plJumpToRow",
      "parameters": {
        "Row": {
          "type": "Integer",
          "min": 1,
          "max": 9999,
          "default": 0
        }
      }
    },
    "Next Row": {
      "menu": "Playlist",
      "callback": "plNextRow"
    },
    "Preious Row": {
      "menu": "Playlist",
      "callback": "plPreviousRow"
    },
    "First Row": {
      "menu": "Playlist",
      "callback": "plFirstRow"
    },
    "Last Row": {
      "menu": "Playlist",
      "callback": "plLastRow"
    }
  }
}
